{
    "n_states": 10,
    "n_actions": 4,
    "n_obs": 10,
    "horizon": 20,
    "discount": 1.0,
    "params": {
        "transition_kernel": [
            [
                [
                    0.004273689769510006,
                    0.3411518764402364,
                    0.043712328800356574,
                    0.07720177380570578,
                    0.05157180552460599,
                    0.03495523757232577,
                    0.07380816714343037,
                    0.16116589348391752,
                    0.022592469119740118,
                    0.18956675834017142
                ],
                [
                    0.10196609859788218,
                    0.09645665219186898,
                    0.01915472069504276,
                    0.06922462763272175,
                    0.04243548386854731,
                    0.3750824656494438,
                    0.04266679497562767,
                    0.151761401193755,
                    0.0033958855834062087,
                    0.09785586961170417
                ],
                [
                    0.21173618501380342,
                    0.04128216536262483,
                    0.08057393723837887,
                    0.15835077622216284,
                    0.03653646763698333,
                    0.06327758829950239,
                    0.2482731933506242,
                    0.05630816487147143,
                    0.03997925691132727,
                    0.06368226509312136
                ],
                [
                    0.10464771156769638,
                    0.22019497453996084,
                    0.018291807400787227,
                    0.2201602597334845,
                    0.03774191737861997,
                    0.017882081625312924,
                    0.2825697962295771,
                    0.038256195001495616,
                    0.02634418458662366,
                    0.0339110719364418
                ]
            ],
            [
                [
                    0.15188244595320682,
                    0.15979749150676184,
                    0.009338826662629165,
                    0.04905796638030228,
                    0.00769204344044919,
                    0.10290854163601595,
                    0.032242614505652474,
                    0.13946218090435492,
                    0.2689225005718249,
                    0.07869538843880246
                ],
                [
                    0.14179897671233826,
                    0.16442870393251305,
                    0.2698596422932701,
                    0.09672280184696135,
                    0.003499876437937841,
                    0.12701683131722435,
                    0.0020103092373212742,
                    0.10021885377389614,
                    0.012083299973342213,
                    0.08236070447519538
                ],
                [
                    0.272346167774993,
                    0.05146135535133208,
                    0.05301353830134807,
                    0.05522999591642943,
                    0.0997846256701864,
                    0.15257379238830554,
                    0.08054475528755119,
                    0.03232298851508643,
                    0.1387038421998012,
                    0.06401893859496667
                ],
                [
                    0.030469377085329232,
                    0.08592977554259192,
                    0.008287424551379638,
                    0.10226418016334209,
                    0.04453394205334984,
                    0.5048700276382295,
                    0.03796002973508156,
                    0.008662144954649153,
                    0.07498874300671646,
                    0.10203435526933058
                ]
            ],
            [
                [
                    0.03966556492011728,
                    0.20524550659776503,
                    0.04163402823331467,
                    0.07283166023329354,
                    0.19449100811950912,
                    0.18402701334875085,
                    0.0008453331886696601,
                    0.03080365411542571,
                    0.06059082085163951,
                    0.16986541039151482
                ],
                [
                    0.14658813040348578,
                    0.05814818500853746,
                    0.08479974666182999,
                    0.12611400754955923,
                    0.12866933061226363,
                    0.12772751685090872,
                    0.19732351014406885,
                    0.02337085361769296,
                    0.0733029647659844,
                    0.03395575438566907
                ],
                [
                    0.034452304883249,
                    0.032305145897518574,
                    0.006151698930937756,
                    0.008278647939163582,
                    0.3030247591439001,
                    0.008919638656665646,
                    0.17273182427044073,
                    0.3741552405297438,
                    0.039700106514745565,
                    0.020280633233635357
                ],
                [
                    0.2993455155565894,
                    0.061804660060217585,
                    0.037491067606798927,
                    0.000513103481449732,
                    0.20856599921917593,
                    0.006291912522237002,
                    0.1304720799265741,
                    0.02228064299237755,
                    0.1103267185357727,
                    0.12290830009880707
                ]
            ],
            [
                [
                    0.23920980929027036,
                    0.2809021208339956,
                    0.0021815698862687792,
                    0.020564384405378888,
                    0.06149275117218173,
                    0.11801927625357478,
                    0.13523351171696854,
                    0.028575024538527383,
                    0.00234569332578208,
                    0.11147585857705183
                ],
                [
                    0.04016244503702425,
                    0.012440122923337831,
                    0.13364046124057893,
                    0.2567211390755683,
                    0.07637285217087912,
                    0.01071763467871861,
                    0.07717746584198314,
                    0.25613589213570565,
                    0.06313430351055907,
                    0.07349768338564519
                ],
                [
                    0.030211266138405277,
                    0.17385074775593126,
                    0.1692125036398098,
                    0.04305322418290708,
                    0.1297925695633945,
                    0.0317011827734915,
                    0.03302534017435502,
                    0.2195578771254431,
                    0.029152158795903986,
                    0.1404431298503584
                ],
                [
                    0.09359071947013504,
                    0.0672961874044844,
                    0.13574967714091665,
                    0.2922007090686049,
                    0.040674607944798574,
                    0.20310274370647127,
                    0.024981804754904895,
                    0.08305022947138538,
                    0.03570269435942066,
                    0.023650626678878184
                ]
            ],
            [
                [
                    0.016084339069592023,
                    0.017889097459189603,
                    0.10121081587837916,
                    0.037907970159951725,
                    0.18033414303929016,
                    0.1739841939349648,
                    0.20120514865524522,
                    0.0346966383567267,
                    0.20639186403460458,
                    0.030295789412056105
                ],
                [
                    0.24767322609707004,
                    0.12715514843897438,
