{
    "n_states": 10,
    "n_actions": 4,
    "n_obs": 10,
    "horizon": 20,
    "discount": 1.0,
    "params": {
        "transition_kernel": [
            [
                [
                    0.04991150497779097,
                    0.14502886369352203,
                    0.04835856622701959,
                    0.07534828248166735,
                    0.03758892311912794,
                    0.09052322269355705,
                    0.021163288010971962,
                    0.39340356060605214,
                    0.11591697154074426,
                    0.022756816649546683
                ],
                [
                    0.06834108355162566,
                    0.11761836098750825,
                    0.010497385677638313,
                    0.061631944509578096,
                    0.2416303341840746,
                    0.12816195976430628,
                    0.34065278546641836,
                    0.014055595485790906,
                    0.012241699651368792,
                    0.005168850721690706
                ],
                [
                    0.054443847325366515,
                    0.20263701464636202,
                    0.014591309950821483,
                    0.28664274296166437,
                    0.08079565919007654,
                    0.08673193031006567,
                    0.05384764846053044,
                    0.014310975567434239,
                    0.1964629353284277,
                    0.009535936259251183
                ],
                [
                    0.09549231414332858,
                    0.19231031721477657,
                    0.03427011797094794,
                    0.06498648252470023,
                    0.03560676892936343,
                    0.3848140724006954,
                    0.015013198454053318,
                    0.08952747816486757,
                    0.08412337842461484,
                    0.0038558717726521583
                ]
            ],
            [
                [
                    0.08260866689015332,
                    0.02448480409448777,
                    0.1474049065127702,
                    0.08635473700128622,
                    0.16291903960422596,
                    0.10462339853236016,
                    0.04285200785188758,
                    0.11602579353868005,
                    0.027478325789008832,
                    0.20524832018513997
                ],
                [
                    0.13474702488521426,
                    0.06353867835868549,
                    0.11997416780226335,
                    0.0008943220748640885,
                    0.06448812082799983,
                    0.05032034360151723,
                    0.26020310103647676,
                    0.008257258245774658,
                    0.2257818712464339,
                    0.07179511192077047
                ],
                [
                    0.08475016848614879,
                    0.07547986670527158,
                    0.005531768803406668,
                    0.17853247515068854,
                    0.2882872501322261,
                    0.009924553065496923,
                    0.12199854821349802,
                    0.022249827839525366,
                    0.11804206702830715,
                    0.09520347457543075
                ],
                [
                    0.07643116489249414,
                    0.0409902858459437,
                    0.033134789408052444,
                    0.13769398817743478,
                    0.10216245926051946,
                    0.15055994250073382,
                    0.02595216271142707,
                    0.013172071006866367,
                    0.0007735001006986829,
                    0.41912963609582965
                ]
            ],
            [
                [
                    0.1540812235614182,
                    0.025859081231391877,
                    0.02502664394040604,
                    0.039311931937332775,
                    0.2728224706267888,
                    0.08570162794638142,
                    0.004965688057050356,
                    0.0023968934514740667,
                    0.22283414040286456,
                    0.16700029884489198
                ],
                [
                    0.10309581938984298,
                    0.06287551285552236,
                    0.1628969939074163,
                    0.026956523084934073,
                    0.10809834440800892,
                    0.07091849240350424,
                    0.0025463560830060175,
                    0.2503952946402079,
                    0.025928050059653835,
                    0.1862886131679034
                ],
                [
                    0.0523491285916099,
                    0.0004250555955471771,
                    0.05636287373420273,
                    0.04878828773541225,
                    0.002707981667780471,
                    0.27295206912751613,
                    0.10998177972339629,
                    0.18144295817399494,
                    0.24341609115086268,
                    0.03157377449967744
                ],
                [
                    0.3327735305510934,
                    0.01974474446012788,
                    0.00016478103352891084,
                    0.044671421439321096,
                    0.024353951192020877,
                    0.027801746702219514,
                    0.2968498815572746,
                    0.1846345535491752,
                    0.03667025006846364,
                    0.03233513944677478
                ]
            ],
            [
                [
                    0.0541011030151839,
                    0.08223245447031176,
                    0.04047093310131535,
                    0.1745979240230093,
                    0.0005882165022533338,
                    0.13855791248904278,
                    0.13985630465144366,
                    0.1679538249678689,
                    0.05798588044430413,
                    0.14365544633526686
                ],
                [
                    0.02866753538577653,
                    0.06938615586839629,
                    0.32102783931255247,
                    0.019538722457034727,
                    0.29615105683061377,
                    0.06644649112080354,
                    0.004532651975198668,
                    0.12464944620724033,
                    0.06181165022478934,
                    0.00778845061759431
                ],
                [
                    0.01103930186177424,
                    0.07886494546350992,
                    0.050384021323966695,
                    0.0058077631888328535,
                    0.22217995157252554,
                    0.056870986786909015,
                    0.20723648581024415,
                    0.13777824452259652,
                    0.005474039435379008,
                    0.2243642600342622
                ],
                [
                    0.20800095283133008,
                    0.09140902444256672,
                    0.18389964887647398,
                    0.06264952452715257,
                    0.01416791597799494,
                    0.009990250201367538,
                    0.10941271257831389,
                    0.10506358190177299,
                    0.12722670622991764,
                    0.0881796824331095
                ]
            ],
            [
                [
                    0.08131411019703708,
                    0.1644656920031242,
                    0.22419122309379497,
                    0.04370621334076479,
                    0.2321879405950555,
                    0.0032174713626292825,
                    0.09440436907743627,
                    0.046570983749900714,
                    0.00687397716510485,
                    0.10306801941515249
                ],
                [
                    0.25016220021898955,
                    0.09316251857372086,
