{
    "n_states": 10,
    "n_actions": 4,
    "n_obs": 10,
    "horizon": 20,
    "discount": 1.0,
    "params": {
        "transition_kernel": [
            [
                [
                    0.1291281005695998,
                    0.06196733496813554,
                    0.0320386107395473,
                    0.07324822576427532,
                    0.23620240113924834,
                    0.10456566671722484,
                    0.036845228210981615,
                    0.20249442309316312,
                    0.03843966241468405,
                    0.08507034638313986
                ],
                [
                    0.02028945018048767,
                    0.10434217376065115,
                    0.05486615996484126,
                    0.020112315782464137,
                    0.29158922986974567,
                    0.10959219552576317,
                    0.11676198874948283,
                    0.10899917731699883,
                    0.07844462675632749,
                    0.09500268209323767
                ],
                [
                    0.015236059279666871,
                    0.05590839643802022,
                    0.025780579614679097,
                    0.007418706238647154,
                    0.1978612179300709,
                    0.45316528343534196,
                    0.06965449795547064,
                    0.024203012192378064,
                    0.13102325736933107,
                    0.01974898954639399
                ],
                [
                    0.3063910978584848,
                    0.1163987299899844,
                    0.028592789430827607,
                    0.10166230337845668,
                    0.18925306207576478,
                    0.14437146792222205,
                    0.024163259452665523,
                    0.018259115515450182,
                    0.04264490926177365,
                    0.028263265114370346
                ]
            ],
            [
                [
                    0.019050305545021316,
                    0.152575767742611,
                    0.34233193945255536,
                    0.15396625743378184,
                    0.0007165477282305351,
                    0.009485122309589861,
                    0.14732840166365982,
                    0.007126364156490759,
                    0.1390131564743131,
                    0.028406137493746306
                ],
                [
                    0.05767311500246986,
                    0.4013900892387023,
                    0.13810422883428877,
                    0.07175340791487408,
                    0.04710256618961775,
                    0.1058578748546787,
                    0.023024753590079244,
                    0.044448947648339086,
                    0.07628135868817702,
                    0.034363658038773136
                ],
                [
                    0.18967668806714655,
                    0.1637606113945735,
                    0.002155150092565044,
                    0.05512124007537484,
                    0.0996605074569123,
                    0.007924309956451315,
                    0.3388463469228941,
                    0.010111068537905587,
                    0.11554494993223205,
                    0.017199127563944566
                ],
                [
                    0.1040848232216967,
                    0.02043959983713729,
                    0.08472973630010075,
                    0.0695848722562472,
                    0.05216972358396891,
                    0.14387824500560603,
                    0.1296873451008656,
                    0.118838023731537,
                    0.09114320079876954,
                    0.18544443016407106
                ]
            ],
            [
                [
                    0.056228508770330164,
                    0.028813245773667815,
                    0.10022786935058245,
                    0.010964357784616411,
                    0.139655342536305,
                    0.11142261115134203,
                    0.20056619837309844,
                    0.01675266219162297,
                    0.08271275748463197,
                    0.2526564465838029
                ],
                [
                    0.1570701296369044,
                    0.2582561603936414,
                    0.06100391916528681,
                    0.0894111636888021,
                    0.012434350567467306,
                    0.10645059855915502,
                    0.08174001863738524,
                    0.09304103989360935,
                    0.01935877736924926,
                    0.12123384208849919
                ],
                [
                    0.194993302747413,
                    0.10975017557345965,
                    0.08011220742125282,
                    0.08969893871186382,
                    0.0957792130371838,
                    0.09346515250506034,
                    0.14109937704237097,
                    0.012321223501079274,
                    0.028559370778244754,
                    0.15422103868207154
                ],
                [
                    0.004715307179758525,
                    0.04485838690301635,
                    0.03181471011565774,
                    0.011135696481219953,
                    0.5187868184902341,
                    0.08740819895438263,
                    0.24235751071291214,
                    0.0303687440797724,
                    0.01831928286268036,
                    0.010235344220365762
                ]
            ],
            [
                [
                    0.08349273691353157,
                    0.10506224295743687,
                    0.037698069570299225,
                    0.2830059010613254,
                    0.04057354914264695,
                    0.004236315951347824,
                    0.023770631314089612,
                    0.0004262256967605588,
                    0.07447947856817527,
                    0.3472548488243868
                ],
                [
                    0.1823004324469773,
                    0.10527842112952213,
                    0.028728854018515108,
                    0.10187954792585634,
                    0.020706015959997503,
                    0.06938938060311609,
                    0.003870848858746148,
                    0.006453085370608618,
                    0.23201788808144833,
                    0.24937552560521245
                ],
                [
                    0.0519681356394136,
                    0.10586354825529036,
                    0.13550442912727856,
                    0.023303896746844882,
                    0.04041532688871104,
                    0.08639201741788748,
                    0.2773192022997087,
                    0.021489531888870074,
                    0.020980056613193118,
                    0.2367638551228022
                ],
                [
                    0.0365703030168987,
                    0.18846899817354437,
                    0.0003311059760863267,
                    0.3793717161249877,
                    0.006364378009157288,
                    0.0754383523407821,
                    0.002160746721538271,
                    0.12823060156246188,
                    0.03852775402219359,
                    0.14453604405234974
                ]
            ],
            [
                [
                    0.1418873042164968,
                    0.1708845620179112,
                    0.015416472843911164,
                    0.0036537748826699305,
                    0.21138823516849817,
                    0.05207716044283816,
                    0.1606068092838747,
                    0.018163876068236853,
                    0.08902649739396586,
                    0.13689530768159716
                ],
                [
                    0.11229965411601135,
                    0.12215803533306036,
