{
    "n_states": 10,
    "n_actions": 4,
    "n_obs": 10,
    "horizon": 20,
    "discount": 1.0,
    "params": {
        "transition_kernel": [
            [
                [
                    0.011341765552625728,
                    0.030542424242284656,
                    0.0010664363003548255,
                    0.08715118683565067,
                    0.007726723043360904,
                    0.13850843648393493,
                    0.21428179711638135,
                    0.220671898112394,
                    0.06851153590384616,
                    0.22019779640916667
                ],
                [
                    0.0032189342752740793,
                    0.05975281298494202,
                    0.1363273879351898,
                    0.16316884773159546,
                    0.16886328184971972,
                    0.09679561238657769,
                    0.06202714497548513,
                    0.23183950504784995,
                    0.07420367549998445,
                    0.0038027973133816276
                ],
                [
                    0.04887898484504148,
                    0.037366271178188436,
                    0.04616036690914,
                    0.09395469524077518,
                    0.014840790299772718,
                    0.03484382772633774,
                    0.16368381044068395,
                    0.2519785179255432,
                    0.058002809774751724,
                    0.25028992565976554
                ],
                [
                    0.1462648904684159,
                    0.04247378055050975,
                    0.003574928063758045,
                    0.0243672843573749,
                    0.05044269369787869,
                    0.12564612606296582,
                    0.20049362476705837,
                    0.15950295268918627,
                    0.15891203263706258,
                    0.08832168670578977
                ]
            ],
            [
                [
                    0.016357340712888222,
                    0.08628926939940833,
                    0.12905819545078276,
                    0.17296832301793766,
                    0.15522800782604235,
                    0.1261604149375222,
                    0.0020540264022992786,
                    0.15024041838182497,
                    0.037982973986662824,
                    0.12366102988463128
                ],
                [
                    0.03336039226875488,
                    0.011966014502304438,
                    0.13968459149454265,
                    0.220898346272474,
                    0.07726613560658009,
                    0.2689346217212932,
                    0.024318757817651103,
                    0.06535242946495295,
                    0.12442262792393083,
                    0.033796082927515785
                ],
                [
                    0.02303574326452784,
                    0.058597801666650004,
                    0.26693817315896806,
                    0.10135998690361818,
                    0.3277264448663696,
                    0.04513768375963104,
                    0.06654632782682222,
                    0.05915933986973637,
                    0.050259556562919104,
                    0.0012389421207575297
                ],
                [
                    0.3547199472771449,
                    0.0034166320787692465,
                    0.03947004407720799,
                    0.02159203395994367,
                    0.11171695258045135,
                    0.10384146934592141,
                    0.2057542859851187,
                    0.01026252598198805,
                    0.08483102931862593,
                    0.06439507939482889
                ]
            ],
            [
                [
                    0.07359938640033933,
                    0.07848371562721927,
                    0.05583359424391815,
                    0.1359896021078402,
                    0.059107168509990086,
                    0.1095014725152666,
                    0.15850493392920956,
                    0.13516749081367826,
                    0.14316661622177035,
                    0.05064601963076803
                ],
                [
                    0.015480972711379179,
                    0.008192582971379104,
                    0.16093579016871323,
                    0.2909454667451351,
                    0.0047369184418920175,
                    0.05575964566875377,
                    0.023139089692250266,
                    0.057073534108605675,
                    0.31725961362507016,
                    0.06647638586682138
                ],
                [
                    0.061414730707477605,
                    0.010822316375670283,
                    0.12056927385369993,
                    0.05229760321772134,
                    0.055423581145810814,
                    0.09428814144575272,
                    0.2475399422998597,
                    0.023755139113689785,
                    0.18325234762311923,
                    0.15063692421719865
                ],
                [
                    0.2835806677870969,
                    0.009021240241910011,
                    0.16698636466108957,
                    0.04505124094754837,
                    0.08421917420083605,
                    0.1541597983248922,
                    0.01952007390025034,
                    0.010571406347059022,
                    0.15498908621197394,
                    0.07190094737734366
                ]
            ],
            [
                [
                    0.10411013502538806,
                    0.0962318617171635,
                    0.09822567709714533,
                    0.13170087797780863,
                    0.09427980980449642,
                    0.38249515688185864,
                    0.020139627791612522,
                    0.02067343697296965,
                    0.052007425720189106,
                    0.00013599101136810716
                ],
                [
                    0.03670980761669691,
                    0.313008468860129,
                    0.20727794083940965,
                    0.08059719088121543,
                    0.07820686112391975,
                    0.08425907697649822,
                    0.02476304410001787,
                    0.14324201108606036,
                    0.004692429674644325,
                    0.027243168841408396
                ],
                [
                    0.03760189611944176,
                    0.16342813193743808,
                    0.15577548154108006,
                    0.1788112856671097,
                    0.06609817405544235,
                    0.03374706190902313,
                    0.0034476786411475596,
                    0.06549632974552458,
                    0.1727563277799705,
                    0.12283763260382237
                ],
                [
                    0.14419000864038073,
                    0.06423603642699775,
                    0.010556807482383825,
                    0.06843564711916097,
                    0.034302328479044096,
                    0.14809355631989327,
                    0.07743707246341401,
                    0.03280657823100514,
                    0.1479455746130157,
                    0.27199639022470445
                ]
            ],
            [
                [
                    0.0037295689820795023,
                    0.05617553102608785,
                    0.2075187128040603,
                    0.017140975916880335,
                    0.08675021326626643,
                    0.08375045662658344,
                    0.02646006656149443,
                    0.010401547686045225,
                    0.13883673073445474,
                    0.36923619639604777
                ],
                [
                    0.32771985743256166,
                    0.02901777780861973,
