{
    "n_states": 10,
    "n_actions": 4,
    "n_obs": 10,
    "horizon": 20,
    "discount": 1.0,
    "params": {
        "transition_kernel": [
            [
                [
                    0.014454462157521667,
                    0.06245259439125932,
                    0.247662046310445,
                    0.0015597350645595541,
                    0.05936323288570936,
                    0.02860057949961526,
                    0.35866471660101223,
                    0.06456559235208373,
                    0.042143896776987065,
                    0.12053314396080671
                ],
                [
                    0.0346605208931938,
                    0.011972509193358741,
                    0.1178275221219291,
                    0.08202070517666063,
                    0.11818900586968549,
                    0.05650396429588425,
                    0.35916071081579265,
                    0.21175413118471137,
                    0.0073730990001746564,
                    0.0005378314486094251
                ],
                [
                    0.005583637130651015,
                    0.19695174230188847,
                    0.07007411224253061,
                    0.0026033035816986,
                    0.1741878155439486,
                    0.3665158071892165,
                    0.0016586892107452607,
                    0.04058302000365105,
                    0.056053737936661296,
                    0.08578813485900855
                ],
                [
                    0.3560954782067041,
                    0.026321125007795137,
                    0.12565052512766317,
                    0.1501805893210653,
                    0.055839120563705394,
                    0.06723982580709917,
                    0.058390426130196245,
                    0.14994160596740458,
                    0.008267784966096023,
                    0.002073518902270778
                ]
            ],
            [
                [
                    0.10846147436516186,
                    0.0013075998776620767,
                    0.06099885449805039,
                    0.14214529998490755,
                    0.23095824363595666,
                    0.05352581827511225,
                    0.21765447927408646,
                    0.0627064224558197,
                    0.07761122287543026,
                    0.04463058475781286
                ],
                [
                    0.09532910036491271,
                    0.11090964936352873,
                    0.25448522714155986,
                    0.011452616434111825,
                    0.06988711077024638,
                    0.16463595582849128,
                    0.05962108027910746,
                    0.03215016126249568,
                    0.16720640787435995,
                    0.03432269068118608
                ],
                [
                    0.0785417383181082,
                    0.21193927600158255,
                    0.07709039856772812,
                    0.06350603927918437,
                    0.06803556691975206,
                    0.16551522838498742,
                    0.20733776736372836,
                    0.0003123625095392176,
                    0.06952889870391643,
                    0.058192723951473235
                ],
                [
                    0.06864858209086241,
                    0.24415637251096198,
                    0.050155502843659217,
                    0.22365363598881072,
                    0.09380038041131225,
                    0.06163908205496705,
                    0.007769491968705357,
                    0.07652365278628276,
                    0.15712501075823207,
                    0.016528288586206252
                ]
            ],
            [
                [
                    0.21083550473539986,
                    0.05425468287919798,
                    0.07181223035609348,
                    0.0010558260424667386,
                    0.04747066637477808,
                    0.06103580636545102,
                    0.2441536527083699,
                    0.2609045099511526,
                    0.04116676541763099,
                    0.007310355169459296
                ],
                [
                    0.10650795330823376,
                    0.12514970917640092,
                    0.010337684684260719,
                    0.024163331706680252,
                    0.10735032419468842,
                    0.015360360381111928,
                    0.1686983119749039,
                    0.10444058405607332,
                    0.2473050032440275,
                    0.09068673727361921
                ],
                [
                    0.07974673446767666,
                    0.11572641740247937,
                    0.022375114385333794,
                    0.016677226336684597,
                    0.14064924801580186,
                    0.05406668946957736,
                    0.049837372041918716,
                    0.3031884978284539,
                    0.08028887557440138,
                    0.13744382447767234
                ],
                [
                    0.06620755495484089,
                    0.12392342989028762,
                    0.09464463834734435,
                    0.04393686834487141,
                    0.0017028593922770766,
                    0.0025078504304018394,
                    0.32570332394000273,
                    0.01323576100133893,
                    0.05939298106045263,
                    0.26874473263818244
                ]
            ],
            [
                [
                    0.22329463273996503,
                    0.06737878279997303,
                    0.001974310699563664,
                    0.12140527626757588,
                    0.02531199256773243,
                    0.3507251905706118,
                    0.16599679689939986,
                    0.03499747718784728,
                    0.005832613120789268,
                    0.0030829271465416933
                ],
                [
                    0.09779129704937152,
                    0.010308912679367342,
                    0.13969854608514695,
                    0.01493318667746764,
                    0.02200393278847655,
                    0.029917856872153852,
                    0.15545685893501301,
                    0.3145263076460948,
                    0.006881982868023258,
                    0.20848111839888503
                ],
                [
                    0.189391812009672,
                    0.16252165483890724,
                    0.027332786809100795,
                    0.04017214592956962,
                    0.03856927594525848,
                    0.20968958652380207,
                    0.029657623689906067,
                    0.09163176687040096,
                    0.10474216531232892,
                    0.10629118207105374
                ],
                [
                    0.2334733944537757,
                    0.18723580858886865,
                    0.05328139390655276,
                    0.10404285722227831,
                    0.039168326386315094,
                    0.06063150475038905,
                    0.10951634153863457,
                    0.08060697862434124,
                    0.04240759264394861,
                    0.08963580188489591
                ]
            ],
            [
                [
                    0.14172044942425654,
                    0.07868454858593606,
                    0.04026026636592106,
                    0.03746674293310809,
                    0.059763482063137904,
                    0.041926939313138685,
                    0.1094347156265038,
                    0.10382829891935821,
                    0.27165423918351705,
                    0.11526031758512256
                ],
                [
                    0.11984851140732818,
                    0.04873755615283642,
